{
  "timestamp": 1754083336.6527412,
  "guild_id": 1380392740411412491,
  "channel_id": 1399889821249573046,
  "message_id": 1400951760884994178,
  "creator_id": 191004951202234369,
  "slots": [
    {
      "user_id": 191004951202234369,
      "username": "beeann",
      "time": null
    },
    null,
    null,
    null,
    null
  ],
  "is_closed": false,
  "created_at": 1754083328.09084
}